<?xml version="1.0" encoding="UTF-8"?>
<Tree Name="AdbConfig">
    <Node Name="设备管理">
        <Command Name="root权限" Tag=" adb root" />
        <Command Name="解锁system分区" Tag="#remountgz.bat" />
        <Command Name="分区大小" Tag="adb shell df  " />
        <Command Name="挂载信息" Tag="adb shell mount " />
        <Command Name="设备型号" Tag="adb shell getprop | findstr model" />
        <Command Name="网络信息" Tag="adb shell busybox  ifconfig" />
        <Command Name="查看时间服务器" Tag="adb shell settings get global ntp_server" />
        <Command Name="设置时间服务器" Tag="adb shell settings put global ntp_server ntp1.aliyun.com" />
        <Command Name="开启telnet" Tag="telnet.bat" />
        <Command Name="录屏1分钟" Tag="#adbscreenrecord.bat" />
        <Command Name="进入recovery" Tag="adb shell reboot recovery " />
    </Node>
    <Node Name="晶晨芯片">
        <Command Name="查看芯片代号" Tag="adb shell cat /proc/device-tree/amlogic-dt-id" />
        <Command Name="备份固件(安卓9模式diy)" Tag="D#onekeyamlgz.bat" />
        <Command Name="备份固件(调试版)" Tag="onekeyaml.bat" />
    </Node>
    <Node Name="海思芯片">
        <Command Name="查看分区表" Tag="adb shell cat /proc/cmdline" />
        <Command Name="备份固件(独立版)" Tag="D#onekey3798.bat" />
        <Command Name="备份固件(模式diy)" Tag="#onekey3798gz.bat"/>
    </Node>
    <Node Name="MTK/晨星芯片" >
        <Command Name="解锁system分区" Tag="D#remountgz.bat" />
        <Command Name="备份固件" Tag="D#onekey9385gz.bat" />
    </Node>
    <Node Name="国科芯片"  >
        <Command Name="备份固件到U盘" Tag="D#onekeyGK4.4gz.bat"/>
        <Command Name="备份固件到U盘" Tag="#onekeyGK9Pgz.bat"/>
    </Node>
    <Node Name="电源菜单">
        <Command Name="重启设备" Tag="adb shell reboot" />
        <Command Name="恢复出厂" Tag="am broadcast -a android.intent.action.FACTORY_RESET -p android --es android.intent.extra.REASON MasterClearConfirm" />
        <Command Name="进入recovery" Tag="adb shell reboot recovery" />
    </Node>
</Tree>